email,token,date_expiration,date_created,browser_id
anas@admin, a,2025-09-20,2024-09-28,a7e073f205f34572551225c028cf000b | 3e3380e0d4ee52d52141cde8c7e17b0d
anas@gmail.com,Azerty123,2025-09-20,2024-09-28,a7e073f205f34572551225c028cf000b | 2345b7d40cf432d4af2b4a540677bca3
aziz@gmail.com,Azerty123,2025-09-20,2024-09-20,21ce66766aeafa868a42cbf82878a5e2
rrrrrrr,UlL1LLeeInZ4PP3K,2024-12-01,2024-11-01,aaaaaaaaaaa | rrrrrrrrrrrrrrrrrrrrrrrrrrrrr
@admin,ikhouvanjouaziz,2024-12-01,2024-11-01,861a8c9e56bebfe014f1cd8eeabcc203 | 3e3380e0d4ee52d52141cde8c7e17b0d
tarikelbrak,liDikOJZKU2CzolS,2024-12-01,2024-11-01,1b0fee04f4356e3931decdcb1270e197 | 51feb4628c167111da9b4d443bfea469 | 23fb1b7cceadcb1e87dee365f353efaf
nsr97,Nsr@1997,2024-12-05,2024-11-05,5f3c1698b970ea65e554fe95a6cf2d86 | 5495977f8d062ed1e3fd1c75a317a486 | a808c27dd41ad46335765a0383c1b974
amarghezali21,123Azerty456@,2024-12-05,2024-11-05,1f352514ebd2e87886c0e593713a4c25
younesse@admin,az123123,2024-12-08,2024-11-08,
