day,begin_morning,end_morning,begin_after,end_after
1,11:00,14:10,19:00,22:10

2,11:00,14:00,19:00,22:03

3,1,,,

4,11:00,14:40,19:00,22:52

5,11:00,15:09,18:00,23:40

6,11:00,14:55,19:00,22:10

7,11:00,14:27,19:00,23:35

8,11:00,14:48,19:00,22:00

9,11:00,14:18,19:00,22:00

10,,,,

11,11:00,15:15,19:00,22:25

12,11:00,14:38,18:00,00:20

13,11:00,15:00,19:00,22:46

14,,,,

15,11:00,14:32,19:00,22:10

16,11:00,14:10,19:00,22:04

17,,,,

18,11:00,14:20,19:00,23:00

19,11:00,14:50,18:00,23:30

20,11:00,15:37,19:00,23:05

21,,,,

22,,,,

23,11:00,14:12,19:00,21:30

24,,,,

25,11:00,14:15,19:00,23:00

26,11:00,14:38,18:00,22:45

27,11:00,14:30,19:00,22:42

28,11:00,14:25,19:00,22:40

29,11:00,14:50,19:00,22:00

30,11:00,15:10,,

31,11:00,14:28,19:00,
